,0,1,2,3,4,5,6,7,8,9,10,11,12,13,14,15,16,17,18,19,20,21,22,23,24,25,26,27,28,29,30,31,32,33,34,35,36,37,38,39,40,41,42,43,44,45,46,47,48,49,50,51,52,53,54,55,56,57,58,59,60,61,62,63,64,65,66,67,68,69,70,71,72,73,74,75,76,77,78,79,80,81,82,83,84,85,86,87,88,89,90,91,92,93,94,95,96,97,98,99
0,255,0,255,0,255,0,0,0,0,0,0,0,0,0,0,255,255,0,0,0,0,0,0,0,255,255,0,0,255,0,0,0,0,0,0,0,0,0,0,0,0,0,0,255,0,255,0,0,255,255,0,0,0,255,0,0,0,255,0,255,255,0,0,0,0,0,0,0,0,0,0,255,255,0,0,0,255,0,0,0,255,0,255,0,0,0,0,0,255,0,0,255,0,255,0,0,0,0,0,0
1,0,0,0,0,0,255,255,0,255,0,0,255,0,0,0,0,0,0,255,255,255,0,0,0,0,0,0,0,0,0,0,0,0,0,0,0,0,0,255,0,0,0,255,0,0,255,0,255,0,0,0,0,0,0,255,0,255,0,0,255,0,0,0,0,0,0,255,255,255,0,0,0,0,0,255,0,0,255,255,0,0,255,0,0,0,0,0,0,0,0,0,0,255,0,0,0,0,0,0,0
2,0,0,0,0,255,255,255,0,0,0,0,0,0,0,0,0,0,255,0,0,0,255,0,255,0,0,0,0,0,255,0,0,0,0,255,0,0,0,0,255,255,0,255,0,0,0,255,0,0,255,255,0,255,255,255,0,0,0,0,255,0,255,0,0,0,0,0,0,0,255,0,255,0,0,0,0,0,0,255,0,0,255,0,0,0,0,0,0,0,255,0,255,0,0,0,0,0,0,0,0
3,0,0,0,0,255,255,0,0,255,0,0,0,0,0,255,255,255,0,0,255,255,0,0,0,0,255,0,0,0,255,255,0,0,0,0,0,0,0,0,0,0,0,0,0,0,0,255,0,0,0,0,0,255,0,0,255,0,0,255,0,0,0,255,0,0,0,0,0,0,0,0,0,0,0,255,255,0,0,0,0,0,0,0,255,0,0,0,0,255,0,0,0,255,255,0,0,0,0,0,0
4,0,255,255,255,255,0,0,0,0,0,0,255,0,0,0,0,0,0,0,255,0,255,0,0,0,0,255,0,0,0,0,255,0,0,0,255,0,0,0,0,0,0,0,0,0,0,0,0,0,0,0,0,255,0,0,255,0,0,255,0,0,0,0,255,0,0,0,255,0,0,255,0,0,0,0,0,0,255,0,0,0,0,0,255,0,0,255,0,0,0,0,0,0,0,0,255,255,0,0,0
5,255,0,0,255,0,0,255,0,0,0,0,0,0,0,0,0,255,0,255,255,0,0,0,0,255,0,255,255,0,0,0,255,0,255,0,0,255,0,255,0,255,0,0,255,255,255,0,0,0,0,0,0,0,0,0,0,0,0,0,255,0,0,0,0,255,0,0,0,255,0,0,255,0,0,0,0,0,0,0,0,0,255,255,0,255,0,0,0,255,0,0,255,255,0,0,0,0,0,0,0
6,0,0,0,0,0,255,255,255,0,0,0,0,0,0,0,255,0,0,0,0,0,0,255,0,0,0,0,0,0,0,0,0,0,0,255,0,0,255,0,255,0,0,0,0,0,255,0,0,0,0,0,0,255,0,0,0,0,0,0,0,255,0,255,0,0,0,0,255,0,0,0,255,255,0,0,255,255,0,0,0,0,0,0,0,255,0,255,0,0,0,0,0,0,0,0,255,0,0,255,0
7,255,0,0,0,0,0,255,0,0,255,255,0,255,0,255,255,0,0,0,255,0,0,255,0,255,0,0,0,0,255,0,255,0,0,255,255,0,0,255,0,255,0,0,255,255,0,0,0,0,0,0,0,0,255,0,0,0,0,0,0,0,0,0,0,0,0,0,255,0,0,0,0,0,0,0,0,0,0,255,0,0,0,0,255,255,0,0,0,0,0,0,0,255,255,255,0,0,255,0,0
8,255,0,0,0,0,0,0,0,0,0,0,0,0,0,255,0,0,0,0,0,0,0,0,255,255,0,0,0,255,0,0,0,0,0,0,255,0,0,0,0,0,0,0,0,255,0,0,0,255,0,0,0,0,0,255,0,0,255,0,0,0,0,0,0,0,0,0,0,0,0,0,255,0,0,0,255,0,0,0,0,0,0,255,0,0,255,0,0,0,0,0,0,0,0,0,0,0,0,255,0
9,0,0,0,0,0,0,255,0,0,0,0,0,0,0,0,0,0,0,255,0,0,0,0,255,0,0,0,0,255,0,0,255,0,0,0,0,0,255,0,0,255,0,0,0,0,255,0,255,255,0,255,0,0,0,0,0,255,0,0,0,0,0,255,255,255,0,0,0,0,0,0,0,0,0,255,0,0,0,0,0,255,0,255,0,0,255,0,0,0,0,0,0,0,0,0,255,0,255,0,0
10,0,0,0,255,0,0,0,0,0,255,0,0,0,0,0,0,255,0,0,0,255,0,0,0,255,0,0,0,0,0,0,0,0,0,0,255,0,0,0,255,255,0,0,0,0,255,0,0,0,0,0,0,0,255,0,0,255,0,255,0,255,255,0,0,0,0,255,0,255,0,0,0,0,255,0,255,0,0,255,0,0,0,0,0,0,0,0,0,0,0,0,0,0,0,0,0,255,0,255,0
11,0,0,0,0,0,0,0,0,255,0,255,255,0,0,0,0,0,0,0,255,0,0,0,0,0,0,0,0,0,0,255,0,0,0,0,0,255,0,0,0,0,0,0,0,255,0,0,0,0,0,0,0,0,0,0,255,0,0,0,0,0,0,0,0,0,0,255,0,0,0,0,0,0,255,0,255,0,0,0,255,0,0,0,0,0,0,0,255,255,0,255,0,0,0,0,255,0,0,255,0
12,0,255,255,0,0,255,0,0,0,0,255,255,255,0,0,0,0,0,0,0,0,0,0,255,255,0,0,0,0,0,0,0,0,0,0,0,0,0,255,0,0,0,0,0,0,0,0,0,0,0,0,0,0,255,0,0,0,0,0,0,0,0,0,0,0,255,255,0,0,0,0,0,0,0,0,0,255,0,0,0,255,0,0,0,0,0,255,0,0,0,0,0,0,0,0,0,0,0,0,0
13,0,0,0,0,0,0,0,0,255,255,0,255,0,255,255,0,0,0,0,0,0,0,0,0,0,255,0,0,0,0,255,0,0,255,0,0,0,0,255,0,0,0,255,0,255,255,0,255,255,0,0,0,255,0,255,0,0,0,0,0,0,255,0,0,0,255,0,0,0,0,0,0,0,0,255,0,255,0,0,0,0,0,0,0,0,0,0,0,0,0,0,255,255,0,0,0,0,0,0,0
14,255,0,0,255,0,0,0,0,0,0,0,255,0,0,0,255,0,255,0,0,0,0,0,0,255,255,0,0,0,0,0,0,0,0,0,0,0,0,0,0,0,0,0,0,255,0,0,0,255,0,255,0,0,0,0,0,0,255,0,255,0,0,0,0,255,0,0,0,255,255,0,0,0,0,0,0,255,0,0,0,0,0,0,255,0,0,255,0,0,0,0,255,0,255,0,0,255,0,0,0
15,255,255,255,255,255,0,0,0,255,255,0,0,255,0,0,0,255,0,0,0,0,0,0,0,0,0,0,0,0,0,0,0,0,255,0,0,255,0,0,255,0,0,0,0,0,0,255,0,0,0,0,0,0,0,0,0,0,0,0,0,0,0,0,255,0,0,0,255,0,255,0,0,0,0,0,0,0,0,0,255,255,255,0,0,255,0,0,0,255,0,0,0,0,0,255,0,0,0,0,0
16,0,0,0,0,255,0,255,0,0,0,0,0,0,0,0,0,0,0,255,0,255,0,0,0,0,0,255,0,0,0,0,0,0,0,0,0,0,0,0,0,0,0,0,0,0,255,0,0,0,0,0,0,0,255,0,0,0,0,255,255,0,255,0,0,0,0,0,0,0,0,0,0,255,255,255,0,0,0,0,0,0,0,0,0,0,0,0,255,255,0,0,0,0,0,0,0,0,0,0,255
17,0,0,0,0,0,255,0,0,0,0,0,0,0,0,255,0,255,0,0,0,0,0,0,0,0,0,255,0,0,0,0,0,255,255,0,0,0,0,0,255,0,0,0,255,0,0,0,255,0,0,0,0,0,255,0,255,0,0,0,255,0,0,0,0,0,0,255,0,255,0,0,255,0,0,0,0,0,0,0,0,255,255,0,0,0,0,0,0,0,0,255,255,0,0,0,0,0,0,0,0
18,0,0,255,255,0,0,0,255,0,255,0,0,255,0,0,0,0,0,255,0,0,0,0,0,0,255,255,0,0,0,255,0,0,0,0,255,0,0,0,0,0,0,0,0,0,0,0,0,255,0,0,0,255,0,0,255,255,0,0,0,255,0,0,0,0,255,255,255,0,0,0,255,0,0,0,0,0,0,0,0,0,0,0,255,255,0,0,0,0,0,0,0,0,0,255,0,0,0,0,0
19,0,255,0,255,0,255,0,0,0,0,0,255,0,0,0,255,0,255,255,0,255,0,0,0,0,0,0,0,0,0,0,0,0,0,0,0,0,0,0,255,0,0,0,255,0,0,0,0,0,0,255,0,0,0,0,0,0,255,0,0,255,0,0,255,0,0,0,0,255,0,255,255,255,255,0,0,0,0,0,255,0,0,0,0,0,255,0,0,0,255,0,0,0,0,0,0,255,0,0,0
20,255,255,255,0,0,0,255,0,0,0,0,0,0,255,0,0,0,0,0,255,0,0,0,255,0,0,0,0,0,0,0,0,0,255,255,0,0,0,0,0,0,0,0,0,0,0,0,0,0,0,0,0,0,0,0,0,0,0,0,0,0,0,0,255,255,0,0,0,0,0,0,0,0,255,255,0,0,0,0,0,0,0,0,0,0,0,0,0,0,255,0,0,255,0,0,0,0,0,0,255
21,0,255,0,0,0,255,0,0,0,255,0,0,255,0,0,0,0,0,0,0,0,0,0,0,0,0,0,255,0,0,0,0,0,0,0,0,255,0,255,0,0,0,0,0,255,255,0,0,0,0,0,0,0,0,0,0,0,0,0,0,255,0,0,0,0,0,0,255,0,0,0,0,0,0,0,0,0,0,0,255,0,0,0,255,0,255,0,0,255,255,0,0,0,0,0,0,0,255,255,0
22,0,0,0,0,0,0,0,0,0,0,0,0,0,0,0,0,0,0,0,0,255,0,255,255,0,0,0,0,0,0,0,0,0,0,0,255,0,255,0,0,255,0,0,0,0,0,0,0,0,0,0,0,0,0,0,0,255,0,0,0,0,0,255,255,0,0,255,0,255,0,0,0,0,0,0,0,255,0,0,0,0,0,0,255,0,0,0,0,0,0,0,0,255,0,255,0,255,0,0,0
23,0,0,0,255,0,0,0,0,0,0,0,0,0,0,0,0,0,255,255,255,255,0,0,255,0,255,0,0,0,0,0,0,0,0,0,0,0,0,0,255,0,0,0,0,0,0,0,0,0,0,0,0,0,0,0,0,0,255,0,255,0,0,0,255,0,0,0,255,0,255,0,0,0,0,0,255,0,255,0,0,0,0,0,0,0,0,255,0,0,0,255,0,0,255,0,0,0,0,0,0
24,255,0,0,0,0,0,255,0,0,255,0,0,0,0,0,255,0,0,0,0,255,0,0,0,0,0,0,0,0,0,0,0,0,0,0,0,0,0,0,0,0,0,255,0,0,0,255,0,0,0,255,0,0,0,0,0,0,0,0,0,0,0,0,0,0,255,255,255,255,0,0,0,0,255,255,0,0,0,255,0,0,255,0,255,0,255,0,0,0,255,0,0,0,0,0,0,255,0,0,0
25,0,0,0,0,0,0,0,0,0,0,255,0,0,0,0,0,0,0,0,0,0,255,0,0,255,0,0,0,0,0,0,0,0,0,0,255,0,255,0,0,0,0,255,0,0,0,0,255,0,0,0,255,255,255,0,0,0,255,0,255,255,0,0,0,0,0,0,255,0,0,0,255,0,0,0,0,0,0,0,0,255,255,0,255,255,0,255,0,0,0,0,255,0,0,0,0,0,255,255,0
26,0,0,0,0,0,0,0,0,0,255,0,0,0,0,0,0,255,0,0,0,0,0,0,255,0,0,0,0,0,0,0,0,0,0,0,255,0,0,255,255,0,255,0,0,0,0,0,0,0,0,0,255,0,255,0,0,0,255,0,0,0,0,255,0,0,0,0,0,0,0,0,0,0,0,0,0,0,255,0,0,255,0,0,0,0,0,0,0,0,0,255,0,0,0,0,0,0,255,0,0
27,0,0,0,255,0,0,0,255,255,0,0,0,0,0,0,0,255,0,255,255,255,0,0,0,0,255,0,0,0,0,255,255,0,0,0,255,0,0,0,0,0,255,0,0,0,0,0,0,0,0,0,0,0,0,0,0,0,0,255,0,0,0,0,0,0,255,255,255,0,255,0,0,0,0,0,0,0,0,0,255,0,0,0,0,0,255,0,255,0,255,0,255,255,0,0,0,255,0,0,0
28,0,0,0,255,0,255,0,0,0,0,0,0,255,255,0,0,0,0,0,0,0,255,0,0,0,0,0,0,0,0,255,0,0,0,0,0,0,0,255,0,255,0,0,0,0,0,0,0,255,255,0,0,255,0,0,0,0,0,255,0,0,255,0,0,0,0,255,0,0,0,0,0,0,0,0,255,0,255,255,0,255,255,0,0,0,0,0,255,0,255,0,0,255,0,255,0,0,0,0,0
29,0,0,0,0,0,0,0,0,0,0,255,0,0,0,0,0,0,0,0,0,0,255,0,0,0,0,0,0,0,0,0,0,0,0,0,0,0,0,0,255,0,255,0,255,255,0,0,0,0,0,0,0,0,0,0,0,255,0,0,0,0,0,0,0,0,255,0,0,0,0,0,0,0,0,0,0,0,255,0,0,255,0,0,0,0,0,0,0,0,0,0,255,0,0,0,0,0,0,0,0
30,0,255,0,0,0,0,0,0,0,255,255,0,0,0,0,255,0,0,0,0,0,255,0,0,255,255,0,255,0,0,0,255,0,255,0,0,0,0,0,0,0,0,0,0,255,0,0,0,0,0,0,255,0,0,0,255,0,0,0,0,0,0,0,255,255,0,0,255,0,255,0,0,255,0,255,0,255,0,255,0,0,0,0,0,255,0,0,0,0,0,0,0,255,0,0,0,0,0,0,0
31,255,0,0,0,0,0,255,0,0,0,0,0,255,0,0,0,0,255,0,0,0,0,255,0,0,0,0,255,0,0,0,0,0,0,0,0,0,255,0,0,0,255,0,0,0,0,0,0,0,255,0,0,0,0,0,0,0,0,0,0,255,0,0,255,0,0,0,0,0,0,0,255,0,0,0,0,255,0,255,0,0,0,0,0,0,0,0,0,255,255,0,255,0,0,0,255,0,0,0,0
32,0,0,0,0,0,255,0,0,0,255,0,0,0,0,0,0,255,0,0,0,255,0,0,0,0,255,0,0,0,0,0,0,0,0,0,0,0,0,0,255,0,255,0,255,0,0,0,0,255,255,0,255,255,0,0,0,0,0,255,0,0,0,0,255,255,0,255,0,255,0,0,0,0,255,0,0,0,0,0,0,0,0,255,0,0,0,255,0,0,0,0,0,0,0,0,0,0,255,0,0
33,0,0,0,0,0,0,0,0,0,0,0,0,0,0,0,0,0,0,0,0,255,0,255,0,0,0,0,0,0,0,0,0,0,0,0,255,0,255,0,0,0,0,0,255,0,255,0,0,0,0,0,0,0,0,255,255,0,0,0,0,0,0,255,0,0,0,0,0,0,0,0,0,0,255,0,0,0,0,0,0,0,0,0,0,255,0,0,0,0,0,0,0,255,0,0,255,255,255,0,0
34,0,0,0,0,0,0,255,0,0,0,255,0,0,255,255,0,0,0,0,0,255,0,0,255,0,0,0,0,255,0,0,0,255,0,0,0,255,0,0,255,0,0,0,255,255,0,0,0,255,0,0,0,0,255,0,0,255,0,0,0,255,0,0,0,0,0,0,0,0,0,255,0,0,0,255,0,0,255,0,0,255,0,0,0,255,0,0,0,255,0,0,0,0,0,0,0,0,0,0,255
35,0,255,0,255,0,0,0,0,0,255,0,255,0,255,0,0,0,0,0,255,0,0,255,0,0,0,0,255,0,0,0,0,0,0,0,0,255,255,0,255,0,0,255,0,0,0,0,0,255,0,0,255,0,0,255,0,0,0,0,0,255,0,0,0,0,0,0,255,0,0,0,0,0,0,0,255,255,0,0,0,0,0,0,0,0,0,0,0,255,0,0,0,0,255,0,0,0,0,0,255
36,255,0,0,255,0,0,0,0,0,0,0,0,0,255,0,255,255,0,255,0,255,255,0,0,0,255,255,255,0,0,0,255,0,0,255,255,0,0,0,0,0,0,0,0,0,255,0,0,0,255,255,0,255,0,255,0,0,0,255,0,255,255,255,0,0,0,0,255,0,0,0,0,0,0,0,0,0,0,0,0,0,0,255,0,0,255,0,0,0,0,0,0,0,0,0,0,255,255,0,0
37,0,255,255,255,0,0,0,0,0,0,0,0,0,0,0,0,0,0,0,0,255,0,0,0,0,0,0,0,0,0,255,0,0,0,0,0,0,0,255,0,0,0,0,0,255,0,0,0,0,0,0,255,0,0,0,0,255,255,0,0,255,0,0,0,0,0,0,0,0,0,0,0,0,255,255,0,0,0,0,255,0,0,255,0,0,0,0,0,0,0,0,255,255,0,0,0,255,0,0,0
38,255,0,0,0,0,255,0,0,0,0,255,0,0,255,255,255,255,0,0,0,255,0,0,0,0,255,0,0,0,0,0,0,255,0,0,0,0,0,255,0,0,0,0,0,0,0,0,255,0,0,0,0,0,255,0,0,255,0,0,0,0,255,0,0,0,255,0,255,255,0,0,0,0,0,0,0,0,0,0,0,0,0,0,255,0,0,0,0,255,0,255,0,255,255,0,0,255,0,255,0
39,0,0,0,0,255,0,0,0,255,0,255,0,0,0,0,0,0,0,0,0,0,0,0,0,0,0,0,0,0,0,0,0,0,0,255,255,0,0,0,0,0,0,0,255,0,0,0,0,0,255,0,0,0,0,0,0,255,0,0,0,0,255,0,0,0,0,0,0,0,0,255,0,0,0,0,0,0,255,255,0,0,0,255,0,0,0,0,0,0,0,0,0,0,0,0,0,0,255,255,0
40,0,0,255,0,0,0,0,0,0,0,255,255,0,255,0,0,0,255,255,0,0,255,0,255,0,0,255,0,0,0,0,0,0,0,255,0,0,255,0,0,0,0,0,0,255,0,0,0,0,0,0,0,255,0,0,255,0,255,0,0,255,0,255,0,0,0,255,0,0,0,0,255,255,255,0,255,0,0,255,0,0,0,0,255,0,0,0,0,0,0,255,0,255,0,0,0,0,0,0,0
41,0,0,0,0,0,0,0,255,0,0,0,0,0,0,0,0,0,0,0,0,0,0,0,255,0,255,0,0,255,255,0,0,0,0,0,0,255,0,0,0,255,255,0,0,0,0,0,0,0,0,0,0,0,0,0,0,0,0,0,0,0,0,0,0,0,0,0,0,0,255,0,255,0,0,0,0,0,255,255,0,0,0,0,255,0,0,0,0,255,0,255,0,0,0,0,0,0,0,0,0
42,0,255,0,0,0,0,255,255,0,0,255,0,0,0,0,0,255,255,0,0,0,0,0,0,0,255,0,255,0,0,0,0,0,0,0,0,0,0,0,0,255,0,0,0,0,0,255,0,0,255,0,0,0,255,0,0,0,0,0,0,0,0,0,0,0,0,0,0,0,0,255,0,255,0,0,0,0,0,0,0,0,0,0,0,255,0,0,0,0,0,255,0,0,0,255,0,0,0,0,0
43,0,0,0,0,0,0,255,0,0,0,255,255,0,0,0,0,0,0,0,0,0,0,0,255,0,0,0,0,0,255,255,0,0,0,255,0,0,0,255,0,0,0,0,0,0,0,0,0,0,0,0,0,0,0,255,0,0,0,0,0,0,0,0,0,255,0,255,0,0,0,0,0,255,255,0,0,0,255,255,255,0,0,0,0,255,0,0,0,0,0,0,0,0,0,255,0,0,0,0,0
44,0,0,0,0,0,0,0,0,0,0,255,0,0,0,0,0,0,0,0,0,0,0,0,255,0,0,0,0,0,0,0,0,0,0,0,0,255,0,0,255,0,255,0,255,0,0,255,0,0,0,0,255,255,0,0,0,0,255,0,0,255,0,0,0,0,0,0,0,0,0,0,0,0,255,0,0,0,255,0,0,0,0,0,0,0,0,0,0,0,0,255,0,0,0,255,255,0,0,0,255
45,0,255,0,0,0,255,0,255,0,0,0,0,255,0,0,0,0,255,0,0,0,0,0,0,0,255,255,0,0,0,0,0,255,0,0,0,0,255,0,255,255,0,0,0,0,0,0,0,0,0,255,0,0,0,255,255,0,0,0,0,255,0,255,0,255,255,0,0,0,0,255,0,0,0,0,0,0,255,0,0,0,0,0,0,0,0,0,0,0,0,0,0,0,0,0,255,0,255,0,0
46,0,0,0,255,0,0,255,255,0,0,0,0,0,0,255,0,0,0,0,0,0,0,255,0,255,0,255,0,0,0,0,0,0,255,0,0,0,0,0,0,0,0,0,0,0,0,255,255,0,0,0,0,0,0,0,0,0,0,0,0,0,255,0,0,0,255,0,0,255,255,255,0,255,0,0,0,0,0,0,0,0,0,0,0,0,255,0,0,255,255,0,0,0,0,0,0,0,0,0,0
47,255,255,0,0,255,255,0,255,255,0,255,0,255,255,255,0,0,0,0,255,0,255,0,255,0,0,0,255,255,255,0,0,0,0,0,0,0,255,255,255,0,255,0,0,0,0,255,255,0,0,0,0,0,0,0,255,0,255,0,0,0,0,0,0,0,0,0,0,0,0,0,0,255,0,0,255,0,0,0,0,255,255,0,0,255,0,0,0,0,255,0,0,0,0,255,255,0,255,255,255
48,255,255,0,0,0,0,0,0,255,0,0,0,255,255,0,0,0,0,0,0,0,0,0,255,0,0,0,255,0,0,255,255,0,0,0,0,0,0,0,0,255,0,0,0,255,255,0,0,0,0,0,0,0,0,255,0,0,255,255,0,0,0,0,0,0,0,0,255,255,0,0,255,0,0,0,0,0,0,0,0,0,255,0,0,0,255,0,0,0,0,0,0,0,0,0,0,0,0,0,0
49,0,0,0,0,255,255,0,0,255,0,0,0,0,0,0,0,0,0,0,0,0,0,255,0,0,0,0,0,255,0,255,0,0,0,0,255,255,0,0,0,0,255,0,0,255,0,255,0,0,0,0,0,0,255,0,255,0,0,0,0,0,0,0,0,0,255,0,0,0,0,0,255,0,0,0,255,0,0,255,0,0,0,0,0,0,0,0,0,0,0,0,255,0,0,0,0,0,255,0,0
50,255,0,0,0,0,0,255,0,0,0,255,0,0,0,0,0,0,0,0,0,0,0,255,255,0,0,0,0,0,0,0,0,0,0,0,0,255,0,0,0,0,255,0,0,255,255,0,255,255,0,255,255,0,0,0,255,0,0,0,0,0,0,0,255,0,0,0,255,255,0,0,0,0,0,0,0,0,0,255,255,0,255,0,0,0,255,0,0,0,0,255,0,0,255,0,0,0,0,0,0
51,0,0,0,0,0,0,0,255,0,0,255,0,0,0,255,0,0,0,0,0,255,0,255,0,0,0,0,0,255,0,0,0,0,255,0,0,0,255,255,0,0,0,0,0,0,0,0,0,0,0,255,255,0,0,0,0,0,0,0,0,0,0,0,0,0,0,255,0,0,0,0,255,0,255,0,0,0,0,0,0,0,0,0,0,0,255,0,0,0,0,0,0,0,255,255,0,0,255,0,0
52,0,0,0,255,0,0,0,0,0,0,0,255,0,0,0,255,0,0,0,0,0,0,255,0,0,0,0,0,0,0,0,0,0,255,0,0,0,0,0,0,0,0,0,0,0,0,0,0,255,0,255,255,255,0,0,0,255,0,0,0,0,0,0,0,255,0,0,0,0,0,0,0,0,0,0,255,0,255,0,0,0,255,0,0,255,0,0,0,0,0,0,0,0,0,0,0,0,0,0,0
53,255,0,0,255,255,255,0,255,255,255,0,0,255,0,0,0,0,0,0,255,0,0,0,0,0,0,0,0,255,0,255,0,0,0,255,255,0,0,255,255,255,255,0,0,0,0,0,0,0,255,0,0,0,0,0,255,0,255,0,0,255,0,255,0,0,255,0,0,0,0,255,0,0,0,0,0,0,0,0,0,0,0,0,255,255,0,0,0,255,0,0,0,0,0,0,0,0,255,255,0
54,0,0,0,0,0,0,0,0,0,0,0,0,255,0,0,0,255,0,0,255,255,0,0,0,0,255,0,0,0,0,0,255,255,0,0,0,0,0,0,0,0,0,0,0,255,0,0,255,255,255,0,0,0,0,255,0,0,0,255,0,255,255,0,0,255,0,0,0,0,255,0,0,0,0,0,0,0,0,255,0,0,0,0,0,0,255,0,0,0,0,0,0,0,0,0,0,255,0,0,0
55,0,0,0,0,0,255,0,0,255,0,255,0,0,0,0,0,0,0,0,0,0,0,0,0,0,0,0,0,0,255,0,0,255,0,0,0,0,0,0,0,0,255,0,0,0,0,255,0,0,0,255,0,255,0,255,0,0,0,255,255,0,0,0,0,255,0,255,0,0,0,0,255,255,0,0,255,0,255,0,0,0,0,0,0,255,0,0,0,0,0,0,255,255,0,0,0,0,255,255,0
56,0,0,0,255,255,255,0,0,255,0,255,0,0,0,0,0,0,0,0,0,0,0,255,255,255,255,0,0,0,0,0,0,0,0,0,255,0,0,255,0,0,0,0,0,0,0,0,0,0,0,0,0,255,255,0,0,0,0,255,255,255,255,0,0,0,255,255,0,0,0,0,0,255,0,0,255,0,0,0,255,0,0,0,255,255,0,255,0,0,0,0,0,255,255,0,0,0,0,0,0
57,255,255,0,255,0,0,0,0,0,0,255,0,0,0,0,0,255,0,0,0,0,0,0,0,0,0,0,0,0,0,0,0,0,0,255,0,0,0,0,0,0,0,0,0,255,0,255,255,0,255,0,0,0,255,255,0,255,255,0,255,0,255,0,0,0,0,0,0,0,0,0,255,0,0,0,0,255,0,0,0,0,0,0,0,0,0,0,0,255,0,255,0,0,255,0,0,0,0,255,0
58,0,0,255,0,0,255,255,255,0,0,0,0,255,0,0,0,255,0,0,0,0,0,0,0,255,0,0,255,0,0,0,0,0,0,255,0,0,0,0,0,0,255,0,255,0,0,0,0,0,0,0,0,0,0,0,0,255,255,0,0,255,0,0,255,0,0,0,0,0,0,0,0,0,0,0,255,255,0,0,0,0,0,255,0,0,0,255,0,255,0,255,0,0,0,0,0,255,0,0,0
59,0,0,0,0,0,0,0,0,0,0,255,0,0,0,0,255,0,255,0,0,0,255,0,0,0,0,0,255,0,0,0,0,0,0,0,0,0,0,0,0,0,0,0,255,255,0,0,0,255,0,0,0,0,0,0,0,255,0,0,0,0,0,0,0,0,0,0,0,0,255,255,0,0,0,0,0,0,0,255,0,0,0,255,0,0,0,255,255,0,0,0,0,0,255,0,255,0,0,0,0
60,0,0,0,0,0,0,0,0,0,255,0,0,0,0,0,0,0,0,255,0,0,0,0,0,255,0,0,255,255,255,0,255,0,0,255,0,255,0,0,0,0,0,255,0,0,255,0,0,0,255,0,255,0,0,0,0,255,0,0,0,255,0,0,0,255,0,255,255,0,255,0,255,0,0,0,255,0,0,0,255,0,0,0,0,0,0,0,0,0,0,0,0,0,255,0,0,0,0,0,255
61,0,0,0,255,0,0,0,0,0,255,0,0,0,0,0,0,0,0,0,0,255,0,0,0,255,255,0,0,0,0,0,0,0,255,255,255,0,255,0,0,0,0,0,0,0,0,0,0,0,0,0,0,0,0,0,0,0,255,0,0,0,0,255,255,0,0,0,0,0,0,0,0,0,255,0,0,0,0,0,0,0,0,0,0,0,0,0,255,0,0,0,0,0,0,0,0,0,0,0,255
62,0,255,0,0,255,0,0,0,0,255,0,0,0,0,0,0,0,0,0,255,0,0,0,0,0,0,255,0,0,0,0,0,0,0,0,0,0,0,0,0,0,0,255,0,0,0,0,0,255,255,0,0,0,255,255,0,0,0,255,0,255,0,0,0,0,0,0,255,0,0,0,0,255,0,0,0,0,255,0,0,0,255,0,0,0,0,0,0,0,0,255,255,0,0,0,0,255,0,255,255
63,255,0,0,0,0,0,0,255,0,0,0,0,0,0,0,0,255,0,0,0,0,255,0,255,0,255,255,0,0,0,0,255,0,0,0,0,255,0,255,0,0,255,0,0,0,0,0,0,0,0,0,0,255,0,0,0,0,255,255,255,255,0,0,0,0,0,0,0,0,255,0,0,0,255,0,255,0,255,0,0,255,0,0,0,0,0,0,0,0,0,0,255,255,0,0,0,0,0,0,0
64,0,255,255,255,0,0,0,0,0,0,255,0,0,0,0,255,0,0,255,0,0,0,255,0,0,255,0,0,0,255,255,0,0,0,0,0,255,0,255,0,0,0,0,0,0,0,0,0,0,0,255,255,0,0,0,0,255,0,0,0,0,255,0,0,0,0,0,0,0,0,255,255,255,0,255,0,0,255,0,0,0,0,255,0,0,0,0,0,0,0,0,0,255,0,0,0,255,255,0,255
65,0,0,0,0,0,0,255,0,0,255,0,255,255,255,0,0,0,0,0,255,0,255,0,255,0,0,0,0,255,0,0,0,0,0,0,255,0,255,0,255,255,0,255,0,0,0,255,255,0,255,0,0,0,0,0,255,0,255,0,0,0,0,0,255,0,0,0,0,255,255,0,255,255,0,0,0,0,0,255,0,0,0,0,0,0,0,0,0,0,0,0,0,0,0,0,0,0,0,0,0
66,0,0,0,0,255,255,0,0,0,0,0,0,0,0,0,0,0,0,0,0,0,255,255,0,255,255,255,0,0,0,0,0,255,0,0,255,0,0,0,0,0,0,255,0,0,0,0,0,0,0,0,255,0,0,255,0,0,0,0,0,0,0,0,0,0,0,255,0,0,0,0,255,0,0,0,0,0,0,0,0,0,0,0,0,0,0,0,255,0,0,255,0,255,0,0,0,255,255,0,0
67,0,0,0,0,0,0,255,0,0,0,0,0,0,0,0,0,0,0,0,0,0,0,0,0,0,0,255,0,0,0,0,0,0,0,255,0,0,0,0,0,255,255,0,0,255,0,0,0,0,255,255,0,255,255,255,0,0,0,255,255,0,255,0,0,0,255,255,0,0,255,255,0,255,255,0,0,0,0,255,255,0,0,0,0,0,0,0,255,0,255,0,0,0,0,255,0,0,0,0,0
68,0,0,0,0,0,0,0,0,0,0,0,0,0,255,0,0,0,0,0,0,0,0,0,0,0,0,0,0,0,0,0,255,0,0,255,0,0,255,0,0,0,255,0,255,0,255,0,0,0,0,0,0,255,0,0,0,0,0,0,0,0,0,0,0,0,0,0,0,0,255,0,0,255,0,255,0,255,0,255,0,0,0,0,0,0,0,255,0,0,0,0,0,255,0,0,0,0,0,255,0
69,0,255,0,255,0,0,0,0,0,255,0,0,255,0,0,0,0,0,0,0,0,0,0,255,0,0,255,0,0,0,0,0,0,0,0,255,255,255,0,255,255,0,0,0,0,0,0,0,0,0,255,0,0,0,0,0,0,255,0,0,0,0,0,0,255,255,0,0,0,255,0,0,255,0,0,255,255,0,0,0,0,255,255,0,0,0,0,255,0,0,0,0,0,0,255,0,0,0,0,0
70,0,0,0,255,0,0,255,0,255,0,255,255,0,0,0,255,0,0,0,0,0,255,255,0,255,0,0,255,255,255,0,255,0,255,255,255,255,0,0,0,0,0,0,0,0,255,255,255,0,0,0,0,0,0,0,0,0,255,0,0,255,0,0,0,0,0,0,255,0,0,0,0,0,255,0,0,0,0,0,0,0,0,0,0,0,0,255,0,0,0,0,255,0,255,255,255,0,0,0,0
71,0,0,0,0,0,0,0,0,0,0,255,0,0,0,0,0,0,0,0,0,255,0,0,0,0,255,255,255,0,0,0,0,0,0,0,0,255,0,0,0,255,0,0,0,0,0,0,0,0,255,0,255,255,0,255,0,0,255,0,0,0,0,0,0,0,0,0,0,0,0,0,255,0,0,0,255,0,0,255,0,0,0,0,255,0,0,0,0,0,0,0,255,0,0,0,0,255,0,0,0
72,0,255,0,0,0,0,0,0,0,255,0,0,255,0,0,0,0,0,255,0,255,0,0,0,255,0,0,255,0,255,0,0,0,0,255,255,0,0,0,255,0,0,0,0,0,0,0,0,255,0,0,0,0,0,0,0,0,0,255,0,0,0,0,255,0,0,0,0,0,0,0,0,255,0,0,255,0,0,0,0,0,0,0,0,0,255,0,255,0,255,0,0,0,0,0,0,0,0,0,0
73,0,0,0,0,0,0,255,0,0,0,0,0,255,255,0,0,0,0,0,255,0,0,0,0,0,0,0,0,0,0,0,0,0,255,0,0,0,255,0,0,0,0,0,0,0,255,0,0,255,0,255,0,0,0,255,0,0,0,0,255,0,0,0,0,255,0,0,255,0,0,0,0,0,255,255,0,0,0,0,0,0,0,255,255,0,0,0,0,255,0,0,0,0,0,255,0,0,0,0,0
74,0,0,255,255,0,0,0,0,0,0,0,0,255,0,0,255,0,0,0,255,0,0,0,255,0,0,0,255,0,0,255,0,0,0,0,255,255,0,0,0,0,255,0,0,0,0,0,0,0,0,0,255,0,0,0,255,0,255,0,0,0,0,0,0,0,0,0,255,0,0,0,255,0,0,0,0,255,0,0,255,255,0,0,0,0,0,0,0,0,0,255,0,255,0,0,0,0,0,255,0
75,0,0,0,255,255,0,0,0,0,0,0,0,0,255,0,255,255,0,0,0,0,0,0,0,255,0,0,0,0,0,0,0,0,0,0,0,255,255,255,0,0,0,0,0,0,0,0,0,0,0,0,0,0,0,0,0,0,0,255,255,0,0,0,255,0,0,0,0,0,255,0,0,255,0,0,255,0,0,255,0,0,0,0,0,0,0,0,0,255,0,0,255,0,0,0,0,0,0,0,0
76,0,0,0,0,255,255,0,255,0,0,0,0,0,0,0,255,0,0,0,0,0,0,0,255,0,0,0,255,255,0,0,255,0,255,0,0,0,0,255,0,0,0,0,255,0,0,255,0,0,255,255,0,0,0,0,0,0,0,255,255,0,0,0,0,0,0,0,0,255,0,0,0,0,0,255,255,255,0,0,0,0,0,0,0,255,0,0,0,0,0,0,0,0,0,0,255,0,0,0,0
77,0,0,255,0,0,0,0,0,0,0,255,0,0,255,0,0,0,0,0,0,0,0,0,0,0,0,0,0,0,0,0,0,255,0,0,0,255,0,0,0,0,0,0,255,0,255,0,0,0,0,0,0,0,0,0,0,255,0,0,0,255,0,0,0,255,0,0,255,0,0,255,255,0,0,255,0,0,0,0,0,0,0,255,0,0,0,0,0,0,0,0,255,0,255,0,255,255,0,255,0
78,0,0,0,0,0,0,0,0,0,0,0,255,0,0,0,0,255,255,0,0,255,255,0,0,0,0,0,0,0,0,0,0,255,255,0,0,0,0,0,0,0,0,0,0,0,255,0,255,0,255,0,0,0,0,0,0,0,0,0,0,0,0,0,0,255,0,0,0,0,0,0,0,255,255,0,255,0,255,0,255,255,0,0,0,0,0,0,0,0,0,0,0,0,0,0,0,255,0,0,0
79,255,0,0,255,0,255,255,0,255,0,0,0,0,0,0,0,0,255,0,0,0,0,0,0,0,0,0,0,0,0,0,0,0,0,255,0,0,0,0,0,0,255,0,0,255,0,0,0,0,0,0,0,0,0,255,0,0,0,0,0,0,0,0,0,255,255,0,255,255,0,0,0,0,255,0,255,0,0,0,0,255,255,0,0,0,0,0,0,0,0,255,255,0,0,0,0,0,0,0,0
80,255,0,0,0,0,0,0,255,0,255,0,0,255,0,0,0,255,0,0,0,255,0,0,255,0,0,0,255,0,0,0,0,0,0,0,0,0,0,0,0,0,0,255,0,0,0,0,0,255,0,0,0,0,0,255,255,0,0,0,0,0,255,0,0,0,0,255,0,0,0,0,0,0,0,0,0,0,0,255,0,0,0,255,0,0,255,0,255,0,255,0,0,0,0,0,255,255,0,255,0
81,0,0,255,0,0,0,0,0,0,0,0,0,0,0,0,0,255,0,0,255,0,0,0,0,0,0,0,0,0,0,255,0,0,255,255,0,0,0,0,0,255,255,0,0,0,255,0,0,0,0,0,0,0,255,255,0,0,0,0,0,0,0,0,0,0,255,0,0,255,0,0,0,0,0,0,0,255,255,0,0,0,0,0,0,0,0,0,0,0,0,0,0,255,0,0,0,255,0,0,255
82,0,0,0,0,0,0,0,0,0,0,255,0,0,0,0,0,0,255,0,0,255,255,0,0,0,255,255,0,0,0,255,0,0,0,0,255,0,0,0,0,0,0,0,0,0,0,0,0,0,0,0,0,0,0,255,0,0,0,255,0,0,0,255,0,0,0,255,0,0,255,0,0,255,0,0,0,0,255,0,255,255,0,0,0,255,255,0,0,0,0,0,0,255,255,0,255,0,0,0,0
83,255,0,0,0,0,0,0,0,0,0,0,255,0,0,255,0,0,0,0,0,0,0,0,0,255,0,0,0,0,255,0,0,0,0,0,0,255,0,0,0,255,0,0,0,0,0,255,0,0,0,0,0,0,255,255,0,0,255,0,0,0,0,0,0,0,0,0,255,0,255,0,0,0,255,0,0,0,0,255,0,0,0,0,0,0,0,255,0,0,0,0,0,0,0,0,0,0,0,255,0
84,0,0,0,0,0,0,0,0,255,0,255,0,0,0,255,0,0,0,0,0,0,0,0,0,0,0,0,255,0,0,0,0,0,0,0,255,0,255,255,0,0,0,0,0,0,0,0,0,0,0,0,0,0,0,0,0,0,0,0,0,0,0,0,0,0,0,0,255,0,0,0,255,0,0,0,0,0,0,255,0,0,255,0,255,0,0,0,255,255,0,0,0,0,0,0,255,255,255,0,0
85,255,0,0,0,0,255,0,0,0,0,0,0,0,255,0,255,0,0,0,0,0,0,0,0,0,0,0,0,0,0,0,255,0,0,255,0,255,255,255,0,0,255,0,0,0,255,0,0,0,0,0,0,0,0,0,0,0,0,255,255,0,255,0,0,255,255,0,0,0,0,0,0,255,0,255,0,255,0,255,0,0,255,0,0,255,0,0,0,0,0,0,0,255,0,255,0,0,0,0,255
86,0,255,0,0,0,0,0,0,255,0,0,0,0,0,0,255,0,0,255,255,0,0,0,0,0,0,0,0,0,0,0,0,0,0,0,255,255,0,0,0,0,0,0,0,0,0,0,0,0,0,0,0,255,0,0,0,0,0,0,255,0,0,0,0,0,0,0,0,0,0,0,0,0,0,0,255,0,0,0,0,0,0,0,0,255,255,255,0,0,255,0,0,0,0,0,0,0,0,0,0
87,255,0,0,255,0,0,0,255,255,0,0,0,0,255,0,0,0,0,255,0,0,0,255,0,0,0,255,0,0,0,255,0,0,0,0,0,0,0,0,0,0,255,0,0,255,0,0,0,0,0,0,0,0,0,255,0,255,0,0,255,0,0,255,0,0,0,0,255,0,0,0,255,0,255,0,0,0,255,0,0,0,255,0,0,0,255,0,0,0,0,0,0,0,0,0,0,0,0,0,255
88,255,0,0,0,0,0,255,0,0,0,255,0,255,0,0,0,255,255,0,0,0,255,255,0,0,0,0,255,255,0,0,0,0,0,0,255,0,255,0,0,255,0,0,0,0,0,0,0,0,0,0,255,255,0,0,0,255,0,0,0,0,0,0,0,0,0,0,0,0,0,0,0,0,0,0,0,0,0,0,0,255,0,0,0,255,0,0,0,0,0,0,0,255,255,0,0,0,0,0,0
89,0,0,255,0,0,0,0,0,0,0,0,0,0,0,0,0,0,255,0,0,255,0,0,0,0,255,0,0,0,0,0,0,255,0,255,0,0,0,0,0,255,255,0,255,0,0,255,0,255,0,0,0,0,0,0,0,0,0,0,0,0,255,0,0,0,255,0,255,255,0,0,0,0,0,255,0,0,0,0,0,0,0,0,255,0,0,255,0,0,0,0,0,0,0,0,0,0,0,0,0
90,255,0,0,0,255,0,0,255,255,0,0,255,0,0,0,0,0,255,0,0,0,0,0,0,0,0,0,0,255,0,0,0,0,255,255,0,0,0,0,255,0,0,0,255,255,0,0,0,0,0,255,255,0,0,255,0,0,0,0,0,0,0,0,0,0,0,255,255,0,0,255,0,0,0,255,0,0,255,0,0,0,255,0,0,0,0,0,255,255,0,0,0,0,0,0,0,0,0,0,255
91,0,0,255,0,0,0,255,0,0,0,0,255,0,0,0,0,0,0,255,0,0,0,255,0,0,0,0,255,0,0,255,0,0,0,0,0,0,0,0,0,255,255,0,0,255,0,0,0,255,0,0,0,0,0,0,0,255,0,0,255,0,255,0,0,0,255,0,0,0,0,0,0,0,0,0,0,255,0,0,0,0,0,0,0,0,0,0,0,0,0,0,0,0,0,0,0,0,0,0,0
92,0,0,0,0,0,0,0,0,0,0,0,0,0,0,255,0,0,0,0,0,0,0,0,255,0,255,0,0,0,255,255,0,0,0,0,0,255,255,0,0,255,0,0,255,0,0,0,0,0,255,0,0,255,0,255,0,255,255,0,0,255,255,0,0,0,0,255,0,255,0,0,0,0,0,0,0,0,0,0,0,0,0,0,0,255,0,0,255,255,0,0,255,255,0,0,0,0,0,0,0
93,255,255,0,255,0,0,0,0,0,0,0,0,255,0,0,0,0,255,255,255,0,0,0,0,0,0,255,0,0,0,0,0,0,0,0,0,0,0,0,0,0,0,0,0,0,0,0,0,0,0,0,255,255,0,0,0,0,0,0,0,0,0,255,0,255,0,0,0,255,0,0,0,0,255,0,0,0,0,0,0,0,255,0,0,0,0,0,0,255,0,0,0,0,0,255,0,0,0,255,0
94,255,0,0,0,0,255,0,255,255,0,255,0,255,255,0,0,0,0,0,0,0,255,0,0,0,0,0,0,255,0,0,0,0,0,0,0,0,0,0,255,255,255,0,255,0,0,0,0,0,0,255,0,0,255,0,255,0,0,0,0,0,0,0,0,0,0,0,0,0,0,0,0,0,255,0,0,0,0,0,0,0,0,0,0,255,0,0,0,0,0,0,0,0,0,0,255,0,0,0,0
95,0,255,0,255,255,0,0,0,255,0,0,255,0,0,0,0,255,0,0,0,0,0,255,255,255,0,0,0,0,0,0,0,255,0,0,0,0,255,0,255,255,0,0,0,255,0,255,0,0,255,0,0,0,0,0,0,0,0,0,0,255,0,0,0,0,255,255,255,0,0,0,0,0,0,0,0,0,0,0,0,0,0,0,0,255,255,0,0,0,0,0,255,0,0,0,255,0,0,0,0
96,0,0,0,0,0,0,0,0,0,0,0,0,0,0,255,0,0,0,0,255,0,0,0,0,0,0,255,0,255,0,0,0,255,255,0,0,0,255,0,0,255,0,0,255,255,0,0,0,0,0,0,0,0,0,0,0,0,0,0,0,0,255,0,0,255,255,0,0,0,0,0,0,0,0,0,255,0,0,0,0,0,0,0,0,0,0,0,0,255,0,0,255,0,0,0,0,0,0,0,0
97,0,0,0,0,0,255,0,0,0,0,0,0,0,0,255,0,0,0,0,0,0,255,0,0,0,0,255,0,0,0,0,0,0,0,0,0,0,0,255,255,0,0,0,0,0,0,0,0,0,0,0,0,0,0,0,0,0,0,0,0,0,0,0,0,255,0,0,0,255,0,0,0,255,255,0,255,0,0,0,0,0,0,255,255,0,0,0,0,0,0,0,0,0,0,0,0,0,0,0,0
98,255,255,0,0,0,0,0,0,0,0,0,0,0,0,0,0,0,0,0,255,0,0,255,255,0,0,255,255,255,255,0,255,0,255,0,0,0,255,0,0,0,0,0,0,0,0,255,255,0,0,0,0,0,0,0,0,0,0,255,0,0,0,0,0,0,0,0,0,0,0,0,0,0,0,255,0,0,255,0,0,0,0,0,0,0,0,255,0,0,0,0,255,0,0,0,255,0,0,0,0
99,0,255,255,0,0,0,0,0,255,0,0,0,0,255,255,255,0,0,0,0,0,0,0,0,0,0,0,0,0,0,0,0,0,0,0,0,0,0,0,0,0,0,0,255,0,0,0,0,255,0,0,0,0,0,0,255,0,0,0,255,0,0,0,255,255,0,255,0,0,0,0,0,255,0,255,0,0,0,255,0,0,0,0,0,0,0,0,0,0,0,0,0,255,0,0,0,255,0,0,255
